id,name,city,country:id,bic
bankID_ABNAIDJABDG,ABN AMRO BANK N.V.  (BANDUNG BRANCH) ,BANDUNG ,base.id,ABNAIDJABDG
bankID_ABNAIDJAMBH,ABN AMRO BANK N.V.  (MAIN BRANCH) ,JAKARTA ,base.id,ABNAIDJAMBH
bankID_ABNAIDJAXXX,ABN AMRO BANK N.V.  ,JAKARTA ,base.id,ABNAIDJAXXX
bankID_ABNAIDJAMDN,ABN AMRO BANK N.V.  (MEDAN BRANCH) ,MEDAN ,base.id,ABNAIDJAMDN
bankID_ABNAIDJASBA,ABN AMRO BANK N.V.  (SURABAYA BRANCH) ,SURABAYA ,base.id,ABNAIDJASBA
bankID_ANZBIDJXXXX,"ANZ PANIN BANK, P.T.  ",JAKARTA ,base.id,ANZBIDJXXXX
bankID_BKKBIDJAXXX,BANGKOK BANK PUBLIC COMPANY LIMITED  ,JAKARTA ,base.id,BKKBIDJAXXX
bankID_ARTGIDJAXXX,"BANK ARTHA GRAHA INTERNASIONAL TBK, PT  ",JAKARTA ,base.id,ARTGIDJAXXX
bankID_BNPAIDJAXXX,"BANK BNP PARIBAS INDONESIA, PT  ",JAKARTA ,base.id,BNPAIDJAXXX
bankID_BBUKIDJAXXX,BANK BUKOPIN  ,JAKARTA ,base.id,BBUKIDJAXXX
bankID_BUMIIDJAXXX,"BANK BUMIPUTERA INDONESIA, PT  ",JAKARTA ,base.id,BUMIIDJAXXX
bankID_CENAIDJAXXX,BANK CENTRAL ASIA  ,JAKARTA ,base.id,CENAIDJAXXX
bankID_CTCBIDJAXXX,"BANK CHINATRUST INDONESIA, PT  ",JAKARTA ,base.id,CTCBIDJAXXX
bankID_BICNIDJAXXX,BANK COMMONWEALTH  ,JAKARTA ,base.id,BICNIDJAXXX
bankID_DBSBIDJAIBD,"BANK DBS INDONESIA, PT  (JAKARTA BRANCH) ",JAKARTA ,base.id,DBSBIDJAIBD
bankID_DBSBIDJAXXX,"BANK DBS INDONESIA, PT  ",JAKARTA ,base.id,DBSBIDJAXXX
bankID_DBSBIDJASBY,"BANK DBS INDONESIA, PT  (SYRABAYA BRANCH) ",SURABAYA ,base.id,DBSBIDJASBY
bankID_BDKIIDJAXXX,"BANK DKI, PT.  ",JAKARTA ,base.id,BDKIIDJAXXX
bankID_EKONIDJAXXX,BANK EKONOMI RAHARJA PT.  ,JAKARTA ,base.id,EKONIDJAXXX
bankID_BEXIIDJAXXX,BANK EKSPOR INDONESIA (PERSERO) PT  ,JAKARTA ,base.id,BEXIIDJAXXX
bankID_FINBIDJAXXX,"BANK FINCONESIA,PT  ",JAKARTA ,base.id,FINBIDJAXXX
bankID_GNESIDJAXXX,BANK GANESHA  ,JAKARTA ,base.id,GNESIDJAXXX
bankID_INDOIDJAXXX,BANK INDONESIA  ,JAKARTA ,base.id,INDOIDJAXXX
bankID_IBBKIDJADEX,BANK INTERNASIONAL INDONESIA  (EXPEND CONTROL DEPT.) ,JAKARTA ,base.id,IBBKIDJADEX
bankID_IBBKIDJA138,BANK INTERNASIONAL INDONESIA  (JUANDA BRANCH) ,JAKARTA ,base.id,IBBKIDJA138
bankID_IBBKIDJA001,BANK INTERNASIONAL INDONESIA  (KALIBESAR BRANCH) ,JAKARTA ,base.id,IBBKIDJA001
bankID_IBBKIDJA008,BANK INTERNASIONAL INDONESIA  (PANGLIMA POLIM BRANCH) ,JAKARTA ,base.id,IBBKIDJA008
bankID_IBBKIDJATRS,BANK INTERNASIONAL INDONESIA  (SETTLEMENT DEPT.) ,JAKARTA ,base.id,IBBKIDJATRS
bankID_IBBKIDJA003,BANK INTERNASIONAL INDONESIA  (THAMRIN BRANCH) ,JAKARTA ,base.id,IBBKIDJA003
bankID_IBBKIDJAXXX,BANK INTERNASIONAL INDONESIA  ,JAKARTA ,base.id,IBBKIDJAXXX
bankID_AWANIDJAXXX,BANK KESAWAN PT.  ,JAKARTA ,base.id,AWANIDJAXXX
bankID_BMRIIDJA852,"BANK MANDIRI (PERSERO), PT  (BILLS PROCESSING CENTER BANDUNG) ",BANDUNG ,base.id,BMRIIDJA852
bankID_BMRIIDJA856,"BANK MANDIRI (PERSERO), PT  (BILLS PROCESSING CENTER BANJARMASIN) ",BANJARMASIN ,base.id,BMRIIDJA856
bankID_BMRIIDJA107,"BANK MANDIRI (PERSERO), PT  (BILLS PROCESSING CENTER JAKARTA) ",JAKARTA ,base.id,BMRIIDJA107
bankID_BMRIIDJACUS,"BANK MANDIRI (PERSERO), PT  (HEAD OFFICE-CUSTODIAL SERVICES) ",JAKARTA ,base.id,BMRIIDJACUS
bankID_BMRIIDJAEXM,"BANK MANDIRI (PERSERO), PT  (HEAD OFFICE-EXPORT/IMPORT DEPT) ",JAKARTA ,base.id,BMRIIDJAEXM
bankID_BMRIIDJASTL,"BANK MANDIRI (PERSERO), PT  (HEAD OFFICE-SETTLEMENT DEPT) ",JAKARTA ,base.id,BMRIIDJASTL
bankID_BMRIIDJAXXX,"BANK MANDIRI (PERSERO), PT  ",JAKARTA ,base.id,BMRIIDJAXXX
bankID_BMRIIDJA853,"BANK MANDIRI (PERSERO), PT  (BILLS PROCESSING CENTER MEDAN) ",MEDAN ,base.id,BMRIIDJA853
bankID_BMRIIDJA860,"BANK MANDIRI (PERSERO), PT  (BILLS PROCESSING CENTER PALEMBANG) ",PALEMBANG ,base.id,BMRIIDJA860
bankID_BMRIIDJA854,"BANK MANDIRI (PERSERO), PT  (BILLS PROCESSING CENTER SEMARANG) ",SEMARANG ,base.id,BMRIIDJA854
bankID_BMRIIDJA851,"BANK MANDIRI (PERSERO), PT  (BILLS PROCESSING CENTER SURABAYA) ",SURABAYA ,base.id,BMRIIDJA851
bankID_MBBEIDJAXXX,BANK MAYBANK INDOCORP PT  ,JAKARTA ,base.id,MBBEIDJAXXX
bankID_MEGAIDJAXXX,BANK MEGA PT  ,JAKARTA ,base.id,MEGAIDJAXXX
bankID_MHCCIDJAXXX,"BANK MIZUHO INDONESIA, PT.  ",JAKARTA ,base.id,MHCCIDJAXXX
bankID_BNINIDJAABN,BANK NEGARA INDONESIA – PT (PERSERO)  (AMBON BRANCH) ,AMBON ,base.id,BNINIDJAABN
bankID_BNINIDJABLG,BANK NEGARA INDONESIA – PT (PERSERO)  (BALIGE BRANCH) ,BALIGE ,base.id,BNINIDJABLG
bankID_BNINIDJABPN,BANK NEGARA INDONESIA – PT (PERSERO)  (BALIKPAPAN BRANCH) ,BALIKPAPAN ,base.id,BNINIDJABPN
bankID_BNINIDJAPSB,BANK NEGARA INDONESIA – PT (PERSERO)  (PANDANSARI BRANCH) ,BALIKPAPAN ,base.id,BNINIDJAPSB
bankID_BNINIDJABDA,BANK NEGARA INDONESIA – PT (PERSERO)  (BANDA ACEH BRANCH) ,BANDA ACEH ,base.id,BNINIDJABDA
bankID_BNINIDJABDL,BANK NEGARA INDONESIA – PT (PERSERO)  (BANDAR LAMPUNG BRANCH) ,BANDAR LAMPUNG ,base.id,BNINIDJABDL
bankID_BNINIDJAAYI,BANK NEGARA INDONESIA – PT (PERSERO)  (AHMAD YANI BRANCH) ,BANDUNG ,base.id,BNINIDJAAYI
bankID_BNINIDJABDG,BANK NEGARA INDONESIA – PT (PERSERO)  (BANDUNG BRANCH) ,BANDUNG ,base.id,BNINIDJABDG
bankID_BNINIDJAIKB,BANK NEGARA INDONESIA – PT (PERSERO)  (IKIP BANDUNG BRANCH) ,BANDUNG ,base.id,BNINIDJAIKB
bankID_BNINIDJAITB,BANK NEGARA INDONESIA – PT (PERSERO)  (ITB BRANCH) ,BANDUNG ,base.id,BNINIDJAITB
bankID_BNINIDJAJJS,BANK NEGARA INDONESIA – PT (PERSERO)  (JALAN JENDRAL SUDIRMAN BRANCH) ,BANDUNG ,base.id,BNINIDJAJJS
bankID_BNINIDJAJPK,BANK NEGARA INDONESIA – PT (PERSERO)  (JALAN PERINTIS KEMERDEKAAN BANDUNG BRANCH) ,BANDUNG ,base.id,BNINIDJAJPK
bankID_BNINIDJAUPB,BANK NEGARA INDONESIA – PT (PERSERO)  (UNPAD BR. BDG.) ,BANDUNG ,base.id,BNINIDJAUPB
bankID_BNINIDJABKO,BANK NEGARA INDONESIA – PT (PERSERO)  (BANGKO BRANCH) ,BANGKO ,base.id,BNINIDJABKO
bankID_BNINIDJABJR,BANK NEGARA INDONESIA – PT (PERSERO)  (BANJAR BRANCH) ,BANJAR ,base.id,BNINIDJABJR
bankID_BNINIDJABBR,BANK NEGARA INDONESIA – PT (PERSERO)  (BANJARBARU BRANCH) ,BANJARBARU ,base.id,BNINIDJABBR
bankID_BNINIDJABMS,BANK NEGARA INDONESIA – PT (PERSERO)  (BANJARMASIN BRANCH) ,BANJARMASIN ,base.id,BNINIDJABMS
bankID_BNINIDJAPAB,BANK NEGARA INDONESIA – PT (PERSERO)  (PANGERAN ANTASARI BRANCH) ,BANJARMASIN ,base.id,BNINIDJAPAB
bankID_BNINIDJABWI,BANK NEGARA INDONESIA – PT (PERSERO)  (BANYUWANGI BRANCH) ,BANYUWANGI ,base.id,BNINIDJABWI
bankID_BNINIDJABBI,BANK NEGARA INDONESIA – PT (PERSERO)  (BARABAI BRANCH) ,BARABAI ,base.id,BNINIDJABBI
bankID_BNINIDJABTM,BANK NEGARA INDONESIA – PT (PERSERO)  (BATAM BRANCH) ,BATAM ,base.id,BNINIDJABTM
bankID_BNINIDJABTR,BANK NEGARA INDONESIA – PT (PERSERO)  (BATURAJA BRANCH) ,BATURAJA ,base.id,BNINIDJABTR
bankID_BNINIDJABAU,BANK NEGARA INDONESIA – PT (PERSERO)  (BAU-BAU BRANCH) ,BAU-BAU ,base.id,BNINIDJABAU
bankID_BNINIDJABKS,BANK NEGARA INDONESIA – PT (PERSERO)  (BEKASI BRANCH) ,BEKASI ,base.id,BNINIDJABKS
bankID_BNINIDJABLW,BANK NEGARA INDONESIA – PT (PERSERO)  (BELAWAN BRANCH) ,BELAWAN ,base.id,BNINIDJABLW
bankID_BNINIDJABKL,BANK NEGARA INDONESIA – PT (PERSERO)  (BENGKULU BRANCH) ,BENGKULU ,base.id,BNINIDJABKL
bankID_BNINIDJABIK,BANK NEGARA INDONESIA – PT (PERSERO)  (BIAK BRANCH) ,BIAK ,base.id,BNINIDJABIK
bankID_BNINIDJABMA,BANK NEGARA INDONESIA – PT (PERSERO)  (BIMA BRANCH) ,BIMA ,base.id,BNINIDJABMA
bankID_BNINIDJABRN,BANK NEGARA INDONESIA – PT (PERSERO)  (BIREUN BRANCH) ,BIREUN ,base.id,BNINIDJABRN
bankID_BNINIDJABIT,BANK NEGARA INDONESIA – PT (PERSERO)  (BITUNG BRANCH) ,BITUNG ,base.id,BNINIDJABIT
bankID_BNINIDJABLT,BANK NEGARA INDONESIA – PT (PERSERO)  (BLITAR BRANCH) ,BLITAR ,base.id,BNINIDJABLT
bankID_BNINIDJABGR,BANK NEGARA INDONESIA – PT (PERSERO)  (BOGOR BRANCH) ,BOGOR ,base.id,BNINIDJABGR
bankID_BNINIDJABRO,BANK NEGARA INDONESIA – PT (PERSERO)  (BOJONEGORO BRANCH) ,BOJONEGORO ,base.id,BNINIDJABRO
bankID_BNINIDJABDO,BANK NEGARA INDONESIA – PT (PERSERO)  (BONDOWOSO BRANCH) ,BONDOWOSO ,base.id,BNINIDJABDO
bankID_BNINIDJABTG,BANK NEGARA INDONESIA – PT (PERSERO)  (BUKITTINGGI BRANCH) ,BUKITTINGGI ,base.id,BNINIDJABTG
bankID_BNINIDJACPU,BANK NEGARA INDONESIA – PT (PERSERO)  (CEPU BRANCH) ,CEPU ,base.id,BNINIDJACPU
bankID_BNINIDJACAM,BANK NEGARA INDONESIA – PT (PERSERO)  (CIAMIS BRANCH) ,CIAMIS ,base.id,BNINIDJACAM
bankID_BNINIDJACJR,BANK NEGARA INDONESIA – PT (PERSERO)  (CIANJUR BRANCH) ,CIANJUR ,base.id,BNINIDJACJR
bankID_BNINIDJACKP,BANK NEGARA INDONESIA – PT (PERSERO)  (CIKAMPEK BRANCH) ,CIKAMPEK ,base.id,BNINIDJACKP
bankID_BNINIDJACLP,BANK NEGARA INDONESIA – PT (PERSERO)  (CILACAP BRANCH) ,CILACAP ,base.id,BNINIDJACLP
bankID_BNINIDJACLG,BANK NEGARA INDONESIA – PT (PERSERO)  (CILEGON BRANCH) ,CILEGON ,base.id,BNINIDJACLG
bankID_BNINIDJACMI,BANK NEGARA INDONESIA – PT (PERSERO)  (CIMAHI BDG. BRANCH) ,CIMAHI ,base.id,BNINIDJACMI
bankID_BNINIDJACRB,BANK NEGARA INDONESIA – PT (PERSERO)  (CIREBON BRANCH) ,CIREBON ,base.id,BNINIDJACRB
bankID_BNINIDJADPS,BANK NEGARA INDONESIA – PT (PERSERO)  (DENPASAR BRANCH) ,DENPASAR ,base.id,BNINIDJADPS
bankID_BNINIDJARNN,BANK NEGARA INDONESIA – PT (PERSERO)  (RENON BRANCH) ,DENPASAR ,base.id,BNINIDJARNN
bankID_BNINIDJAMGD,BANK NEGARA INDONESIA – PT (PERSERO)  (MARGONDA BRANCH) ,DEPOK ,base.id,BNINIDJAMGD
bankID_BNINIDJADLI,BANK NEGARA INDONESIA – PT (PERSERO)  (DILI-EAST TIM) ,DILI ,base.id,BNINIDJADLI
bankID_BNINIDJADMI,BANK NEGARA INDONESIA – PT (PERSERO)  (DUMAI BRANCH) ,DUMAI ,base.id,BNINIDJADMI
bankID_BNINIDJAEND,BANK NEGARA INDONESIA – PT (PERSERO)  (ENDE BR. NTT.) ,ENDE ,base.id,BNINIDJAEND
bankID_BNINIDJAGRT,BANK NEGARA INDONESIA – PT (PERSERO)  (GARUT BRANCH) ,GARUT ,base.id,BNINIDJAGRT
bankID_BNINIDJAGTL,BANK NEGARA INDONESIA – PT (PERSERO)  (GORONTALO BRANCH) ,GORONTALO ,base.id,BNINIDJAGTL
bankID_BNINIDJAGRK,BANK NEGARA INDONESIA – PT (PERSERO)  (GRESIK BRANCH) ,GRESIK ,base.id,BNINIDJAGRK
bankID_BNINIDJAGST,BANK NEGARA INDONESIA – PT (PERSERO)  (GUNUNG SITOLI BRANCH) ,GUNUNG SITOLI ,base.id,BNINIDJAGST
bankID_BNINIDJAIDR,BANK NEGARA INDONESIA – PT (PERSERO)  (INDRAMAYU BRANCH) ,INDRAMAYU ,base.id,BNINIDJAIDR
bankID_BNINIDJABSH,BANK NEGARA INDONESIA – PT (PERSERO)  (BANDARA SUKARNO HATTA BRANCH) ,JAKARTA ,base.id,BNINIDJABSH
bankID_BNINIDJADMG,BANK NEGARA INDONESIA – PT (PERSERO)  (DAAN MOGOT BRANCH) ,JAKARTA ,base.id,BNINIDJADMG
bankID_BNINIDJADKB,BANK NEGARA INDONESIA – PT (PERSERO)  (DUKUH BAWAH LANDMARK BRANCH) ,JAKARTA ,base.id,BNINIDJADKB
bankID_BNINIDJAFMI,BANK NEGARA INDONESIA – PT (PERSERO)  (FATMAWATI BRANCH) ,JAKARTA ,base.id,BNINIDJAFMI
bankID_BNINIDJAGBR,BANK NEGARA INDONESIA – PT (PERSERO)  (GAMBIR BRANCH) ,JAKARTA ,base.id,BNINIDJAGBR
bankID_BNINIDJAGNS,BANK NEGARA INDONESIA – PT (PERSERO)  (GUNUNG SAHARI BRANCH) ,JAKARTA ,base.id,BNINIDJAGNS
bankID_BNINIDJAHMN,BANK NEGARA INDONESIA – PT (PERSERO)  (HARMONI BRANCH) ,JAKARTA ,base.id,BNINIDJAHMN
bankID_BNINIDJAAPK,BANK NEGARA INDONESIA – PT (PERSERO)  (HEAD OFFICE FINANCIAL ANALYSIS AND CONTROL DIVISION) ,JAKARTA ,base.id,BNINIDJAAPK
bankID_BNINIDJADLN,BANK NEGARA INDONESIA – PT (PERSERO)  (HEAD OFFICE INTERNATIONAL DIVISION) ,JAKARTA ,base.id,BNINIDJADLN
bankID_BNINIDJAHII,BANK NEGARA INDONESIA – PT (PERSERO)  (HOTEL INDONESIA BRANCH) ,JAKARTA ,base.id,BNINIDJAHII
bankID_BNINIDJAJKT,BANK NEGARA INDONESIA – PT (PERSERO)  (JAKARTA KOTA BRANCH) ,JAKARTA ,base.id,BNINIDJAJKT
bankID_BNINIDJAJPU,BANK NEGARA INDONESIA – PT (PERSERO)  (JAKARTA PUSAT BRANCH) ,JAKARTA ,base.id,BNINIDJAJPU
bankID_BNINIDJAJRS,BANK NEGARA INDONESIA – PT (PERSERO)  (JALAN RASUNA SAID BRANCH) ,JAKARTA ,base.id,BNINIDJAJRS
bankID_BNINIDJAJNG,BANK NEGARA INDONESIA – PT (PERSERO)  (JATINEGARA BRANCH) ,JAKARTA ,base.id,BNINIDJAJNG
bankID_BNINIDJAKBY,BANK NEGARA INDONESIA – PT (PERSERO)  (KEBAYORAN BARU BRANCH) ,JAKARTA ,base.id,BNINIDJAKBY
bankID_BNINIDJAKRM,BANK NEGARA INDONESIA – PT (PERSERO)  (KRAMAT BRANCH) ,JAKARTA ,base.id,BNINIDJAKRM
bankID_BNINIDJAKRK,BANK NEGARA INDONESIA – PT (PERSERO)  (KREKOT BRANCH) ,JAKARTA ,base.id,BNINIDJAKRK
bankID_BNINIDJAMDA,BANK NEGARA INDONESIA – PT (PERSERO)  (MANGGA DUA BRANCH) ,JAKARTA ,base.id,BNINIDJAMDA
bankID_BNINIDJAMTR,BANK NEGARA INDONESIA – PT (PERSERO)  (MATRAMAN BRANCH) ,JAKARTA ,base.id,BNINIDJAMTR
bankID_BNINIDJAMDT,BANK NEGARA INDONESIA – PT (PERSERO)  (MEDAN MERDEKA TIMUR BRANCH) ,JAKARTA ,base.id,BNINIDJAMDT
bankID_BNINIDJAMTG,BANK NEGARA INDONESIA – PT (PERSERO)  (MENTENG BRANCH) ,JAKARTA ,base.id,BNINIDJAMTG
bankID_BNINIDJAMDS,BANK NEGARA INDONESIA – PT (PERSERO)  (MERDEKA SELATAN BRANCH) ,JAKARTA ,base.id,BNINIDJAMDS
bankID_BNINIDJAMHT,BANK NEGARA INDONESIA – PT (PERSERO)  (MH THAMRIN BRANCH) ,JAKARTA ,base.id,BNINIDJAMHT
bankID_BNINIDJAPBU,BANK NEGARA INDONESIA – PT (PERSERO)  (PASAR BARU BRANCH) ,JAKARTA ,base.id,BNINIDJAPBU
bankID_BNINIDJAPKJ,BANK NEGARA INDONESIA – PT (PERSERO)  (PASAR KOJA BRANCH) ,JAKARTA ,base.id,BNINIDJAPKJ
bankID_BNINIDJAPMK,BANK NEGARA INDONESIA – PT (PERSERO)  (PASAR MAYESTIK BRANCH) ,JAKARTA ,base.id,BNINIDJAPMK
bankID_BNINIDJAPSM,BANK NEGARA INDONESIA – PT (PERSERO)  (PASAR MINGGU BRANCH) ,JAKARTA ,base.id,BNINIDJAPSM
bankID_BNINIDJAPCG,BANK NEGARA INDONESIA – PT (PERSERO)  (PECENONGAN BRANCH) ,JAKARTA ,base.id,BNINIDJAPCG
bankID_BNINIDJAPTJ,BANK NEGARA INDONESIA – PT (PERSERO)  (PETOJO BRANCH) ,JAKARTA ,base.id,BNINIDJAPTJ
bankID_BNINIDJAPIM,BANK NEGARA INDONESIA – PT (PERSERO)  (PONDOK INDAH MALL BRANCH) ,JAKARTA ,base.id,BNINIDJAPIM
bankID_BNINIDJARPZ,BANK NEGARA INDONESIA – PT (PERSERO)  (RATU PLAZA) ,JAKARTA ,base.id,BNINIDJARPZ
bankID_BNINIDJARWM,BANK NEGARA INDONESIA – PT (PERSERO)  (RAWAMANGUN BRANCH) ,JAKARTA ,base.id,BNINIDJARWM
bankID_BNINIDJARMA,BANK NEGARA INDONESIA – PT (PERSERO)  (ROA MALAKA BRANCH) ,JAKARTA ,base.id,BNINIDJARMA
bankID_BNINIDJASGI,BANK NEGARA INDONESIA – PT (PERSERO)  (SEMANGGI BRANCH) ,JAKARTA ,base.id,BNINIDJASGI
bankID_BNINIDJASNY,BANK NEGARA INDONESIA – PT (PERSERO)  (SENAYAN BRANCH) ,JAKARTA ,base.id,BNINIDJASNY
bankID_BNINIDJASNN,BANK NEGARA INDONESIA – PT (PERSERO)  (SENEN BRANCH) ,JAKARTA ,base.id,BNINIDJASNN
bankID_BNINIDJASJK,BANK NEGARA INDONESIA – PT (PERSERO)  (SYNDICATION DIVISION) ,JAKARTA ,base.id,BNINIDJASJK
bankID_BNINIDJATAB,BANK NEGARA INDONESIA – PT (PERSERO)  (TANAH ABANG BRANCH) ,JAKARTA ,base.id,BNINIDJATAB
bankID_BNINIDJATPR,BANK NEGARA INDONESIA – PT (PERSERO)  (TANJUNG PRIOK BRANCH) ,JAKARTA ,base.id,BNINIDJATPR
bankID_BNINIDJATEB,BANK NEGARA INDONESIA – PT (PERSERO)  (TEBET BRANCH) ,JAKARTA ,base.id,BNINIDJATEB
bankID_BNINIDJATRS,BANK NEGARA INDONESIA – PT (PERSERO)  (TREASURY DIVISION) ,JAKARTA ,base.id,BNINIDJATRS
bankID_BNINIDJAUID,BANK NEGARA INDONESIA – PT (PERSERO)  (UI DEPOK BRANCH) ,JAKARTA ,base.id,BNINIDJAUID
bankID_BNINIDJAWAM,BANK NEGARA INDONESIA – PT (PERSERO)  (WISMA ARGO MANUNGGAL BRANCH) ,JAKARTA ,base.id,BNINIDJAWAM
bankID_BNINIDJAWEN,BANK NEGARA INDONESIA – PT (PERSERO)  (WISMA EMPAT NAM BRANCH) ,JAKARTA ,base.id,BNINIDJAWEN
bankID_BNINIDJAXXX,BANK NEGARA INDONESIA – PT (PERSERO)  ,JAKARTA ,base.id,BNINIDJAXXX
bankID_BNINIDJAJBI,BANK NEGARA INDONESIA – PT (PERSERO)  (JAMBI BRANCH) ,JAMBI ,base.id,BNINIDJAJBI
bankID_BNINIDJAJPA,BANK NEGARA INDONESIA – PT (PERSERO)  (JAYAPURA BRANCH) ,JAYAPURA ,base.id,BNINIDJAJPA
bankID_BNINIDJAJBR,BANK NEGARA INDONESIA – PT (PERSERO)  (JEMBER BRANCH) ,JEMBER ,base.id,BNINIDJAJBR
bankID_BNINIDJAJPR,BANK NEGARA INDONESIA – PT (PERSERO)  (JEPARA BRANCH) ,JEPARA ,base.id,BNINIDJAJPR
bankID_BNINIDJAJBG,BANK NEGARA INDONESIA – PT (PERSERO)  (JOMBANG BRANCH) ,JOMBANG ,base.id,BNINIDJAJBG
bankID_BNINIDJAKJH,BANK NEGARA INDONESIA – PT (PERSERO)  (KABANJAHE BRANCH) ,KABANJAHE ,base.id,BNINIDJAKJH
bankID_BNINIDJAKWG,BANK NEGARA INDONESIA – PT (PERSERO)  (KARAWANG BRANCH) ,KARAWANG ,base.id,BNINIDJAKWG
bankID_BNINIDJAKYA,BANK NEGARA INDONESIA – PT (PERSERO)  (KAYU AGUNG BRANCH) ,KAYU AGUNG ,base.id,BNINIDJAKYA
bankID_BNINIDJAKBM,BANK NEGARA INDONESIA – PT (PERSERO)  (KEBUMEN BRANCH) ,KEBUMEN ,base.id,BNINIDJAKBM
bankID_BNINIDJAKDI,BANK NEGARA INDONESIA – PT (PERSERO)  (KEDIRI BRANCH) ,KEDIRI ,base.id,BNINIDJAKDI
bankID_BNINIDJAKDR,BANK NEGARA INDONESIA – PT (PERSERO)  (KENDARI BRANCH) ,KENDARI ,base.id,BNINIDJAKDR
bankID_BNINIDJAKPG,BANK NEGARA INDONESIA – PT (PERSERO)  (KETAPANG BRANCH) ,KETAPANG ,base.id,BNINIDJAKPG
bankID_BNINIDJAKLA,BANK NEGARA INDONESIA – PT (PERSERO)  (KLATEN BRANCH) ,KLATEN ,base.id,BNINIDJAKLA
bankID_BNINIDJAKTU,BANK NEGARA INDONESIA – PT (PERSERO)  (KOTABARU P. LAUT BRANCH) ,KOTABARU PULAU LAUT ,base.id,BNINIDJAKTU
bankID_BNINIDJAKTI,BANK NEGARA INDONESIA – PT (PERSERO)  (KOTA BUMI BANCH) ,KOTABUMI ,base.id,BNINIDJAKTI
bankID_BNINIDJAKTM,BANK NEGARA INDONESIA – PT (PERSERO)  (KOTAMOBAGU BRANCH) ,KOTAMOBAGU ,base.id,BNINIDJAKTM
bankID_BNINIDJAKTJ,BANK NEGARA INDONESIA – PT (PERSERO)  (KUALA TANJUNG BRANCH) ,KUALA TANJUNG ,base.id,BNINIDJAKTJ
bankID_BNINIDJAKKP,BANK NEGARA INDONESIA – PT (PERSERO)  (KUALAKAPUAS BRANCH) ,KUALAKAPUAS ,base.id,BNINIDJAKKP
bankID_BNINIDJAKLT,BANK NEGARA INDONESIA – PT (PERSERO)  (KUALATUNGKAL BRANCH) ,KUALATUNGKAL ,base.id,BNINIDJAKLT
bankID_BNINIDJAKDS,BANK NEGARA INDONESIA – PT (PERSERO)  (KUDUS BRANCH) ,KUDUS ,base.id,BNINIDJAKDS
bankID_BNINIDJAKNG,BANK NEGARA INDONESIA – PT (PERSERO)  (KUNINGAN BRANCH) ,KUNINGAN ,base.id,BNINIDJAKNG
bankID_BNINIDJAKPA,BANK NEGARA INDONESIA – PT (PERSERO)  (KUPANG BRANCH – EAST NUSATENGGARA) ,KUPANG ,base.id,BNINIDJAKPA
bankID_BNINIDJALGS,BANK NEGARA INDONESIA – PT (PERSERO)  (LANGSA BRANCH) ,LANGSA ,base.id,BNINIDJALGS
bankID_BNINIDJALGA,BANK NEGARA INDONESIA – PT (PERSERO)  (LEGIAN BRANCH) ,LEGIAN ,base.id,BNINIDJALGA
bankID_BNINIDJALSW,BANK NEGARA INDONESIA – PT (PERSERO)  (LHOKSEUMAWE BRANCH) ,LHOKSEUMAWE ,base.id,BNINIDJALSW
bankID_BNINIDJALLG,BANK NEGARA INDONESIA – PT (PERSERO)  (LUBUKLINGGAU BRANCH) ,LUBUKLINGGAU ,base.id,BNINIDJALLG
bankID_BNINIDJALMJ,BANK NEGARA INDONESIA – PT (PERSERO)  (LUMAJANG BRANCH) ,LUMAJANG ,base.id,BNINIDJALMJ
bankID_BNINIDJALWK,BANK NEGARA INDONESIA – PT (PERSERO)  (LUWUK BRANCH) ,LUWUK ,base.id,BNINIDJALWK
bankID_BNINIDJAMAD,BANK NEGARA INDONESIA – PT (PERSERO)  (MADIUN BRANCH) ,MADIUN ,base.id,BNINIDJAMAD
bankID_BNINIDJAMGL,BANK NEGARA INDONESIA – PT (PERSERO)  (MAGELANG BRANCH) ,MAGELANG ,base.id,BNINIDJAMGL
bankID_BNINIDJAMJL,BANK NEGARA INDONESIA – PT (PERSERO)  (MAJALAYA BRANCH) ,MAJALAYA ,base.id,BNINIDJAMJL
bankID_BNINIDJAMLG,BANK NEGARA INDONESIA – PT (PERSERO)  (MALANG BRANCH) ,MALANG ,base.id,BNINIDJAMLG
bankID_BNINIDJAUBM,BANK NEGARA INDONESIA – PT (PERSERO)  (UNIBRAW BR. MLG.) ,MALANG ,base.id,BNINIDJAUBM
bankID_BNINIDJAMDO,BANK NEGARA INDONESIA – PT (PERSERO)  (MANADO BRANCH) ,MANADO ,base.id,BNINIDJAMDO
bankID_BNINIDJAKNK,BANK NEGARA INDONESIA – PT (PERSERO)  (PS. KANAKA BRANCH) ,MANADO ,base.id,BNINIDJAKNK
bankID_BNINIDJAMWI,BANK NEGARA INDONESIA – PT (PERSERO)  (MANOKWARI BRANCH) ,MANOKWARI ,base.id,BNINIDJAMWI
bankID_BNINIDJAMTA,BANK NEGARA INDONESIA – PT (PERSERO)  (MATARAM BRANCH) ,MATARAM ,base.id,BNINIDJAMTA
bankID_BNINIDJAMRE,BANK NEGARA INDONESIA – PT (PERSERO)  (MAUMERE BRANCH) ,MAUMERE ,base.id,BNINIDJAMRE
bankID_BNINIDJAJSM,BANK NEGARA INDONESIA – PT (PERSERO)  (JL. SUTOMO MEDAN BRANCH) ,MEDAN ,base.id,BNINIDJAJSM
bankID_BNINIDJAMDN,BANK NEGARA INDONESIA – PT (PERSERO)  (MEDAN BRANCH) ,MEDAN ,base.id,BNINIDJAMDN
bankID_BNINIDJAUSU,BANK NEGARA INDONESIA – PT (PERSERO)  (UNIV. SUMUT BRANCH) ,MEDAN ,base.id,BNINIDJAUSU
bankID_BNINIDJAMET,BANK NEGARA INDONESIA – PT (PERSERO)  (METRO BRANCH) ,METRO ,base.id,BNINIDJAMET
bankID_BNINIDJAMBO,BANK NEGARA INDONESIA – PT (PERSERO)  (MEULABOH BRANCH) ,MEULABOH ,base.id,BNINIDJAMBO
bankID_BNINIDJANNK,BANK NEGARA INDONESIA – PT (PERSERO)  (NUNUKAN BRANCH) ,NUNUKAN ,base.id,BNINIDJANNK
bankID_BNINIDJAAYP,BANK NEGARA INDONESIA – PT (PERSERO)  (AHMAD YANI PADANG BRANCH) ,PADANG ,base.id,BNINIDJAAYP
bankID_BNINIDJAIBP,BANK NEGARA INDONESIA – PT (PERSERO)  (IMAM BONJOL BRANCH) ,PADANG ,base.id,BNINIDJAIBP
bankID_BNINIDJAPDG,BANK NEGARA INDONESIA – PT (PERSERO)  (PADANG BRANCH) ,PADANG ,base.id,BNINIDJAPDG
bankID_BNINIDJAPDS,BANK NEGARA INDONESIA – PT (PERSERO)  (PADANG SIDEMPUAN BRANCH) ,PADANG SIDEMPUAN ,base.id,BNINIDJAPDS
bankID_BNINIDJAPRY,BANK NEGARA INDONESIA – PT (PERSERO)  (PALANGKARAYA BRANCH) ,PALANGKARAYA ,base.id,BNINIDJAPRY
bankID_BNINIDJABBP,BANK NEGARA INDONESIA – PT (PERSERO)  (BOOM BARU BRANCH) ,PALEMBANG ,base.id,BNINIDJABBP
bankID_BNINIDJAJAP,BANK NEGARA INDONESIA – PT (PERSERO)  (JEMBATAN AMPERA PALEMBANG BRANCH) ,PALEMBANG ,base.id,BNINIDJAJAP
bankID_BNINIDJAMSP,BANK NEGARA INDONESIA – PT (PERSERO)  (MUSI PALEMBANG BRANCH) ,PALEMBANG ,base.id,BNINIDJAMSP
bankID_BNINIDJAPBG,BANK NEGARA INDONESIA – PT (PERSERO)  (PALEMBANG BRANCH) ,PALEMBANG ,base.id,BNINIDJAPBG
bankID_BNINIDJAPLP,BANK NEGARA INDONESIA – PT (PERSERO)  (PALOPO BRANCH) ,PALOPO ,base.id,BNINIDJAPLP
bankID_BNINIDJAPLU,BANK NEGARA INDONESIA – PT (PERSERO)  (PALU BRANCH) ,PALU ,base.id,BNINIDJAPLU
bankID_BNINIDJAPKN,BANK NEGARA INDONESIA – PT (PERSERO)  (PAMEKASAN BRANCH) ,PAMEKASAN ,base.id,BNINIDJAPKN
bankID_BNINIDJAPKP,BANK NEGARA INDONESIA – PT (PERSERO)  (PANGKAL PINANG BRANCH) ,PANGKAL PINANG ,base.id,BNINIDJAPKP
bankID_BNINIDJAPKB,BANK NEGARA INDONESIA – PT (PERSERO)  (PANGKALAN BUN BRANCH) ,PANGKALAN BUN ,base.id,BNINIDJAPKB
bankID_BNINIDJAPJG,BANK NEGARA INDONESIA – PT (PERSERO)  (PANJANG BRANCH) ,PANJANG ,base.id,BNINIDJAPJG
bankID_BNINIDJAPRE,BANK NEGARA INDONESIA – PT (PERSERO)  (PARE-PARE BRANCH) ,PARE-PARE ,base.id,BNINIDJAPRE
bankID_BNINIDJAPSN,BANK NEGARA INDONESIA – PT (PERSERO)  (PASURUAN BRANCH) ,PASURUAN ,base.id,BNINIDJAPSN
bankID_BNINIDJAPTI,BANK NEGARA INDONESIA – PT (PERSERO)  (PATI BRANCH) ,PATI ,base.id,BNINIDJAPTI
bankID_BNINIDJAPYK,BANK NEGARA INDONESIA – PT (PERSERO)  (PAYAKUMBUH BRANCH) ,PAYAKUMBUH ,base.id,BNINIDJAPYK
bankID_BNINIDJAPKL,BANK NEGARA INDONESIA – PT (PERSERO)  (PEKALONGAN BRANCH) ,PEKALONGAN ,base.id,BNINIDJAPKL
bankID_BNINIDJAPPP,BANK NEGARA INDONESIA – PT (PERSERO)  (PASAR PUSAT PEKANBARU BRANCH) ,PEKANBARU ,base.id,BNINIDJAPPP
bankID_BNINIDJAPBR,BANK NEGARA INDONESIA – PT (PERSERO)  (PEKANBARU BRANCH) ,PEKANBARU ,base.id,BNINIDJAPBR
bankID_BNINIDJAPMT,BANK NEGARA INDONESIA – PT (PERSERO)  (PEMANGKAT BRANCH) ,PEMANGKAT ,base.id,BNINIDJAPMT
bankID_BNINIDJAPMS,BANK NEGARA INDONESIA – PT (PERSERO)  (PEMATANG SIANTAR BRANCH) ,PEMATANG SIANTAR ,base.id,BNINIDJAPMS
bankID_BNINIDJAPLW,BANK NEGARA INDONESIA – PT (PERSERO)  (POLEWALI BRANCH) ,POLEWALI ,base.id,BNINIDJAPLW
bankID_BNINIDJAPON,BANK NEGARA INDONESIA – PT (PERSERO)  (PONOROGO BRANCH) ,PONOROGO ,base.id,BNINIDJAPON
bankID_BNINIDJAPNK,BANK NEGARA INDONESIA – PT (PERSERO)  (PONTIANAK BRANCH) ,PONTIANAK ,base.id,BNINIDJAPNK
bankID_BNINIDJAPSO,BANK NEGARA INDONESIA – PT (PERSERO)  (POSO BRANCH) ,POSO ,base.id,BNINIDJAPSO
bankID_BNINIDJAPBM,BANK NEGARA INDONESIA – PT (PERSERO)  (PRABUMULIH BRANCH) ,PRABUMULIH ,base.id,BNINIDJAPBM
bankID_BNINIDJAPRB,BANK NEGARA INDONESIA – PT (PERSERO)  (PROBOLINGGO BRANCH) ,PROBOLINGGO ,base.id,BNINIDJAPRB
bankID_BNINIDJAPBL,BANK NEGARA INDONESIA – PT (PERSERO)  (PURBALINGGA BRANCH) ,PURBALINGGA ,base.id,BNINIDJAPBL
bankID_BNINIDJAPWK,BANK NEGARA INDONESIA – PT (PERSERO)  (PURWAKARTA BRANCH) ,PURWAKARTA ,base.id,BNINIDJAPWK
bankID_BNINIDJAPWO,BANK NEGARA INDONESIA – PT (PERSERO)  (PURWOKERTO BRANCH) ,PURWOKERTO ,base.id,BNINIDJAPWO
bankID_BNINIDJAPWR,BANK NEGARA INDONESIA – PT (PERSERO)  (PURWOREJO BRANCH) ,PURWOREJO ,base.id,BNINIDJAPWR
bankID_BNINIDJARKB,BANK NEGARA INDONESIA – PT (PERSERO)  (RANGKASBITUNG BRANCH) ,RANGKAS BIBITUNG ,base.id,BNINIDJARKB
bankID_BNINIDJARGT,BANK NEGARA INDONESIA – PT (PERSERO)  (RENGAT BRANCH) ,RENGAT ,base.id,BNINIDJARGT
bankID_BNINIDJASLG,BANK NEGARA INDONESIA – PT (PERSERO)  (SALATIGA BRANCH) ,SALATIGA ,base.id,BNINIDJASLG
bankID_BNINIDJASMD,BANK NEGARA INDONESIA – PT (PERSERO)  (SAMARINDA BRANCH) ,SAMARINDA ,base.id,BNINIDJASMD
bankID_BNINIDJASPT,BANK NEGARA INDONESIA – PT (PERSERO)  (SAMPIT BRANCH) ,SAMPIT ,base.id,BNINIDJASPT
bankID_BNINIDJASLP,BANK NEGARA INDONESIA – PT (PERSERO)  (SELAT PANJANG BRANCH) ,SELAT PANJANG ,base.id,BNINIDJASLP
bankID_BNINIDJAKRU,BANK NEGARA INDONESIA – PT (PERSERO)  (KARANGAYU BRANCH) ,SEMARANG ,base.id,BNINIDJAKRU
bankID_BNINIDJASMG,BANK NEGARA INDONESIA – PT (PERSERO)  (SEMARANG BRANCH) ,SEMARANG ,base.id,BNINIDJASMG
bankID_BNINIDJAUDS,BANK NEGARA INDONESIA – PT (PERSERO)  (UNDIP BR. SMG.) ,SEMARANG ,base.id,BNINIDJAUDS
bankID_BNINIDJASKG,BANK NEGARA INDONESIA – PT (PERSERO)  (SENGKANG BRANCH) ,SENGKANG ,base.id,BNINIDJASKG
bankID_BNINIDJASRG,BANK NEGARA INDONESIA – PT (PERSERO)  (SERANG BRANCH) ,SERANG ,base.id,BNINIDJASRG
bankID_BNINIDJASBG,BANK NEGARA INDONESIA – PT (PERSERO)  (SIBOLGA BRANCH) ,SIBOLGA ,base.id,BNINIDJASBG
bankID_BNINIDJASDA,BANK NEGARA INDONESIA – PT (PERSERO)  (SIDOARJO BRANCH) ,SIDOARJO ,base.id,BNINIDJASDA
bankID_BNINIDJASGL,BANK NEGARA INDONESIA – PT (PERSERO)  (SIGLI BRANCH) ,SIGLI ,base.id,BNINIDJASGL
bankID_BNINIDJASGR,BANK NEGARA INDONESIA – PT (PERSERO)  (SINGARAJA BRANCH) ,SINGARAJA ,base.id,BNINIDJASGR
bankID_BNINIDJASKW,BANK NEGARA INDONESIA – PT (PERSERO)  (SINGKAWANG BRANCH) ,SINGKAWANG ,base.id,BNINIDJASKW
bankID_BNINIDJASTB,BANK NEGARA INDONESIA – PT (PERSERO)  (SITUBONDO BRANCH) ,SITUBONDO ,base.id,BNINIDJASTB
bankID_BNINIDJASOR,BANK NEGARA INDONESIA – PT (PERSERO)  (SORONG BRANCH) ,SORONG ,base.id,BNINIDJASOR
bankID_BNINIDJASUB,BANK NEGARA INDONESIA – PT (PERSERO)  (SUBANG BRANCH) ,SUBANG ,base.id,BNINIDJASUB
bankID_BNINIDJASKM,BANK NEGARA INDONESIA – PT (PERSERO)  (SUKABUMI BRANCH) ,SUKABUMI ,base.id,BNINIDJASKM
bankID_BNINIDJASBW,BANK NEGARA INDONESIA – PT (PERSERO)  (SUMBAWA BESAR BRANCH) ,SUMBAWA BESAR ,base.id,BNINIDJASBW
bankID_BNINIDJASDG,BANK NEGARA INDONESIA – PT (PERSERO)  (SUMEDANG BRANCH) ,SUMEDANG ,base.id,BNINIDJASDG
bankID_BNINIDJASMP,BANK NEGARA INDONESIA – PT (PERSERO)  (SUMENEP BRANCH) ,SUMENEP ,base.id,BNINIDJASMP
bankID_BNINIDJASPN,BANK NEGARA INDONESIA – PT (PERSERO)  (SUNGAIPENUH BRANCH) ,SUNGAIPENUH ,base.id,BNINIDJASPN
bankID_BNINIDJAUAS,BANK NEGARA INDONESIA – PT (PERSERO)  (AIRLANGGA UNIVERSITY BRANCH) ,SURABAYA ,base.id,BNINIDJAUAS
bankID_BNINIDJAJTM,BANK NEGARA INDONESIA – PT (PERSERO)  (JEMBATAN MERAH BRANCH) ,SURABAYA ,base.id,BNINIDJAJTM
bankID_BNINIDJAKBS,BANK NEGARA INDONESIA – PT (PERSERO)  (KUSUMA BANGSA BRANCH) ,SURABAYA ,base.id,BNINIDJAKBS
bankID_BNINIDJASBY,BANK NEGARA INDONESIA – PT (PERSERO)  (SURABAYA BRANCH) ,SURABAYA ,base.id,BNINIDJASBY
bankID_BNINIDJATPK,BANK NEGARA INDONESIA – PT (PERSERO)  (TANJUNG PERAK BRANCH) ,SURABAYA ,base.id,BNINIDJATPK
bankID_BNINIDJAUSM,BANK NEGARA INDONESIA – PT (PERSERO)  (URIP SUMOHARJO BRANCH) ,SURABAYA ,base.id,BNINIDJAUSM
bankID_BNINIDJAPKS,BANK NEGARA INDONESIA – PT (PERSERO)  (PASAR KLEWER SURAKARTA BRANCH) ,SURAKARTA ,base.id,BNINIDJAPKS
bankID_BNINIDJASLO,BANK NEGARA INDONESIA – PT (PERSERO)  (SURAKARTA BRANCH) ,SURAKARTA ,base.id,BNINIDJASLO
bankID_BNINIDJASMR,BANK NEGARA INDONESIA – PT (PERSERO)  (UNIV.SEBELAS MARET BRANCH) ,SURAKARTA ,base.id,BNINIDJASMR
bankID_BNINIDJATHN,BANK NEGARA INDONESIA – PT (PERSERO)  (TAHUNA BRANCH) ,TAHUNA ,base.id,BNINIDJATHN
bankID_BNINIDJATRG,BANK NEGARA INDONESIA – PT (PERSERO)  (TANGERANG BRANCH) ,TANGERANG ,base.id,BNINIDJATRG
bankID_BNINIDJATKR,BANK NEGARA INDONESIA – PT (PERSERO)  (TANJUNG KARANG BRANCH) ,TANJUNG KARANG ,base.id,BNINIDJATKR
bankID_BNINIDJATPN,BANK NEGARA INDONESIA – PT (PERSERO)  (TANJUNG PINANG BRANCH) ,TANJUNG PINANG ,base.id,BNINIDJATPN
bankID_BNINIDJATRB,BANK NEGARA INDONESIA – PT (PERSERO)  (TANJUNGREDEB BRANCH) ,TANJUNGREDEB ,base.id,BNINIDJATRB
bankID_BNINIDJATRN,BANK NEGARA INDONESIA – PT (PERSERO)  (TARAKAN BRANCH) ,TARAKAN ,base.id,BNINIDJATRN
bankID_BNINIDJATMA,BANK NEGARA INDONESIA – PT (PERSERO)  (TASIKMALAYA BRANCH) ,TASIKMALAYA ,base.id,BNINIDJATMA
bankID_BNINIDJATTI,BANK NEGARA INDONESIA – PT (PERSERO)  (TEBINGTINGGI BRANCH) ,TEBINGTINGGI ,base.id,BNINIDJATTI
bankID_BNINIDJATGL,BANK NEGARA INDONESIA – PT (PERSERO)  (TEGAL BRANCH) ,TEGAL ,base.id,BNINIDJATGL
bankID_BNINIDJATMG,BANK NEGARA INDONESIA – PT (PERSERO)  (TEMANGGUNG BRANCH) ,TEMANGGUNG ,base.id,BNINIDJATMG
bankID_BNINIDJATBH,BANK NEGARA INDONESIA – PT (PERSERO)  (TEMBILAHAN BRANCH) ,TEMBILAHAN ,base.id,BNINIDJATBH
bankID_BNINIDJATNT,BANK NEGARA INDONESIA – PT (PERSERO)  (TERNATE BRANCH) ,TERNATE ,base.id,BNINIDJATNT
bankID_BNINIDJATBK,BANK NEGARA INDONESIA – PT (PERSERO)  (TANJUNG BALAI KARIMUN BRANCH) ,TG. BALAI ,base.id,BNINIDJATBK
bankID_BNINIDJATBA,BANK NEGARA INDONESIA – PT (PERSERO)  (TG. BALAI ASAHAN) ,TG. BALAI ASAHAN ,base.id,BNINIDJATBA
bankID_BNINIDJATBL,BANK NEGARA INDONESIA – PT (PERSERO)  (TOBELO BRANCH) ,TOBELO ,base.id,BNINIDJATBL
bankID_BNINIDJATLI,BANK NEGARA INDONESIA – PT (PERSERO)  (TOLI-TOLI BRANCH) ,TOLI-TOLI ,base.id,BNINIDJATLI
bankID_BNINIDJATUB,BANK NEGARA INDONESIA – PT (PERSERO)  (TUBAN BRANCH – EAST JAVA) ,TUBAN ,base.id,BNINIDJATUB
bankID_BNINIDJATLA,BANK NEGARA INDONESIA – PT (PERSERO)  (TULUNGAGUNG) ,TULUNGAGUNG ,base.id,BNINIDJATLA
bankID_BNINIDJAMAT,BANK NEGARA INDONESIA – PT (PERSERO)  (MATTOANGIN BRANCH) ,UJUNG PANDANG ,base.id,BNINIDJAMAT
bankID_BNINIDJAUPG,BANK NEGARA INDONESIA – PT (PERSERO)  (UJUNG PANDANG BRANCH) ,UJUNG PANDANG ,base.id,BNINIDJAUPG
bankID_BNINIDJAWTS,BANK NEGARA INDONESIA – PT (PERSERO)  (WATANSOPPENG BRANCH) ,WATANSOPPENG ,base.id,BNINIDJAWTS
bankID_BNINIDJAWGR,BANK NEGARA INDONESIA – PT (PERSERO)  (WONOGIRI BRANCH) ,WONOGIRI ,base.id,BNINIDJAWGR
bankID_BNINIDJAWNK,BANK NEGARA INDONESIA – PT (PERSERO)  (WONOKROMO BRANCH) ,WONOKROMO ,base.id,BNINIDJAWNK
bankID_BNINIDJAWSB,BANK NEGARA INDONESIA – PT (PERSERO)  (WONOSOBO BRANCH) ,WONOSOBO ,base.id,BNINIDJAWSB
bankID_BNINIDJAUGM,BANK NEGARA INDONESIA – PT (PERSERO)  (UGM BRANCH) ,YOGYAKARTA ,base.id,BNINIDJAUGM
bankID_BNINIDJAYGY,BANK NEGARA INDONESIA – PT (PERSERO)  (YOGYAKARTA BRANCH) ,YOGYAKARTA ,base.id,BNINIDJAYGY
bankID_OCBCIDJAXXX,"BANK OCBC INDONESIA, PT  ",JAKARTA ,base.id,OCBCIDJAXXX
bankID_BOFAID2XXXX,"BANK OF AMERICA, N.A. JAKARTA BRANCH  ",JAKARTA ,base.id,BOFAID2XXXX
bankID_BKCHIDJAXXX,"BANK OF CHINA, JAKARTA BRANCH  ",JAKARTA ,base.id,BKCHIDJAXXX
bankID_BOTKIDJXXXX,"BANK OF TOKYO-MITSUBISHI UFJ, LTD., THE  (JAKARTA BRANCH) ",JAKARTA ,base.id,BOTKIDJXXXX
bankID_RABOIDJAXXX,"BANK RABOBANK INTERNATIONAL INDONESIA, PT  ",JAKARTA ,base.id,RABOIDJAXXX
bankID_BRINIDJA001,BANK RAKYAT INDONESIA  (AMBON BRANCH) ,AMBON ,base.id,BRINIDJA001
bankID_BRINIDJA002,BANK RAKYAT INDONESIA  (BAGAN SIAPI-API BRANCH) ,BAGAN SIAPI-API ,base.id,BRINIDJA002
bankID_BRINIDJA037,BANK RAKYAT INDONESIA  (BANDA ACEH BRANCH) ,BANDA ACEH ,base.id,BRINIDJA037
bankID_BRINIDJA005,BANK RAKYAT INDONESIA  (ASIA AFRIKA BRANCH) ,BANDUNG ,base.id,BRINIDJA005
bankID_BRINIDJA286,BANK RAKYAT INDONESIA  (DEWI SARTIKA BRANCH) ,BANDUNG ,base.id,BRINIDJA286
bankID_BRINIDJA003,BANK RAKYAT INDONESIA  (BANJARMASIN BRANCH) ,BANJARMASIN ,base.id,BRINIDJA003
bankID_BRINIDJA331,BANK RAKYAT INDONESIA  (BATAM BRANCH) ,BATAM ,base.id,BRINIDJA331
bankID_BRINIDJA189,BANK RAKYAT INDONESIA  (BENGKALIS BRANCH) ,BENGKALIS ,base.id,BRINIDJA189
bankID_BRINIDJA308,BANK RAKYAT INDONESIA  (BIAK BRANCH) ,BIAK ,base.id,BRINIDJA308
bankID_BRINIDJA333,BANK RAKYAT INDONESIA  (BONTANG BRANCH) ,BONTANG ,base.id,BRINIDJA333
bankID_BRINIDJA107,BANK RAKYAT INDONESIA  (CIREBON BRANCH) ,CIREBON ,base.id,BRINIDJA107
bankID_BRINIDJA317,BANK RAKYAT INDONESIA  (DILI BRANCH) ,DILI ,base.id,BRINIDJA317
bankID_BRINIDJA159,BANK RAKYAT INDONESIA  (DUMAI BRANCH) ,DUMAI ,base.id,BRINIDJA159
bankID_BRINIDJA026,BANK RAKYAT INDONESIA  (GRESIK BRANCH) ,GRESIK ,base.id,BRINIDJA026
bankID_BRINIDJA230,BANK RAKYAT INDONESIA  (CUT MUTIAH BRANCH) ,JAKARTA ,base.id,BRINIDJA230
bankID_BRINIDJA330,BANK RAKYAT INDONESIA  (FATMAWATI BRANCH) ,JAKARTA ,base.id,BRINIDJA330
bankID_BRINIDJA359,BANK RAKYAT INDONESIA  (GATOT SUBROTO BRANCH) ,JAKARTA ,base.id,BRINIDJA359
bankID_BRINIDJA332,BANK RAKYAT INDONESIA  (HAYAM WURUK BRANCH) ,JAKARTA ,base.id,BRINIDJA332
bankID_BRINIDJA019,BANK RAKYAT INDONESIA  (JAKARTA KOTA BRANCH) ,JAKARTA ,base.id,BRINIDJA019
bankID_BRINIDJA122,BANK RAKYAT INDONESIA  (JATINEGARA BRANCH) ,JAKARTA ,base.id,BRINIDJA122
bankID_BRINIDJA206,BANK RAKYAT INDONESIA  (KCK – SPECIAL BRANCH) ,JAKARTA ,base.id,BRINIDJA206
bankID_BRINIDJA193,BANK RAKYAT INDONESIA  (KEBAYORAN BARU BRANCH) ,JAKARTA ,base.id,BRINIDJA193
bankID_BRINIDJA335,BANK RAKYAT INDONESIA  (KRAMAT BRANCH) ,JAKARTA ,base.id,BRINIDJA335
bankID_BRINIDJA261,BANK RAKYAT INDONESIA  (KREKOT BRANCH) ,JAKARTA ,base.id,BRINIDJA261
bankID_BRINIDJA340,BANK RAKYAT INDONESIA  (OTISTA BRANCH) ,JAKARTA ,base.id,BRINIDJA340
bankID_BRINIDJA346,BANK RAKYAT INDONESIA  (PASAR PAGI BRANCH) ,JAKARTA ,base.id,BRINIDJA346
bankID_BRINIDJA338,BANK RAKYAT INDONESIA  (ROXI BRANCH) ,JAKARTA ,base.id,BRINIDJA338
bankID_BRINIDJA018,BANK RAKYAT INDONESIA  (TANAH ABANG BRANCH) ,JAKARTA ,base.id,BRINIDJA018
bankID_BRINIDJA186,BANK RAKYAT INDONESIA  (TANJUNG PRIOK BRANCH) ,JAKARTA ,base.id,BRINIDJA186
bankID_BRINIDJA370,BANK RAKYAT INDONESIA  (TRADE FINANCE PROCESSING CENTRE JAKARTA I) ,JAKARTA ,base.id,BRINIDJA370
bankID_BRINIDJA329,BANK RAKYAT INDONESIA  (VETERAN BRANCH) ,JAKARTA ,base.id,BRINIDJA329
bankID_BRINIDJAXXX,BANK RAKYAT INDONESIA  ,JAKARTA ,base.id,BRINIDJAXXX
bankID_BRINIDJA020,BANK RAKYAT INDONESIA  (JAMBI BRANCH) ,JAMBI ,base.id,BRINIDJA020
bankID_BRINIDJA021,BANK RAKYAT INDONESIA  (JEMBER BRANCH) ,JEMBER ,base.id,BRINIDJA021
bankID_BRINIDJA033,BANK RAKYAT INDONESIA  (KEDIRI BRANCH) ,KEDIRI ,base.id,BRINIDJA033
bankID_BRINIDJA192,BANK RAKYAT INDONESIA  (KENDARI BRANCH) ,KENDARI ,base.id,BRINIDJA192
bankID_BRINIDJA127,BANK RAKYAT INDONESIA  (KOTABARU BRANCH) ,KOTABARU ,base.id,BRINIDJA127
bankID_BRINIDJA038,BANK RAKYAT INDONESIA  (KUDUS BRANCH) ,KUDUS ,base.id,BRINIDJA038
bankID_BRINIDJA039,BANK RAKYAT INDONESIA  (KUPANG BRANCH) ,KUPANG ,base.id,BRINIDJA039
bankID_BRINIDJA042,BANK RAKYAT INDONESIA  (LANGSA BRANCH) ,LANGSA ,base.id,BRINIDJA042
bankID_BRINIDJA043,BANK RAKYAT INDONESIA  (LHOKSEUMAWE BRANCH) ,LHOKSEUMAWE ,base.id,BRINIDJA043
bankID_BRINIDJA167,BANK RAKYAT INDONESIA  (LUWUK BRANCH) ,LUWUK ,base.id,BRINIDJA167
bankID_BRINIDJA051,BANK RAKYAT INDONESIA  (MALANG BRANCH) ,MALANG ,base.id,BRINIDJA051
bankID_BRINIDJA054,BANK RAKYAT INDONESIA  (MANADO BRANCH) ,MANADO ,base.id,BRINIDJA054
bankID_BRINIDJA052,BANK RAKYAT INDONESIA  (MATARAM BRANCH) ,MATARAM ,base.id,BRINIDJA052
bankID_BRINIDJA336,BANK RAKYAT INDONESIA  (MEDAN PEMUDA BRANCH) ,MEDAN ,base.id,BRINIDJA336
bankID_BRINIDJA053,BANK RAKYAT INDONESIA  (MEDAN PUTRI HIJAU BRANCH) ,MEDAN ,base.id,BRINIDJA053
bankID_BRINIDJA130,BANK RAKYAT INDONESIA  (METRO BRANCH) ,METRO ,base.id,BRINIDJA130
bankID_BRINIDJA058,BANK RAKYAT INDONESIA  (PADANG BRANCH) ,PADANG ,base.id,BRINIDJA058
bankID_BRINIDJA059,BANK RAKYAT INDONESIA  (PALEMBANG BRANCH) ,PALEMBANG ,base.id,BRINIDJA059
bankID_BRINIDJA063,BANK RAKYAT INDONESIA  (PANGKAL PINANG BRANCH) ,PANGKAL PINANG ,base.id,BRINIDJA063
bankID_BRINIDJA282,BANK RAKYAT INDONESIA  (PANGKALAN BUN BRANCH) ,PANGKALAN BUN ,base.id,BRINIDJA282
bankID_BRINIDJA170,BANK RAKYAT INDONESIA  (PEKANBARU BRANCH) ,PEKANBARU ,base.id,BRINIDJA170
bankID_BRINIDJA113,BANK RAKYAT INDONESIA  (PEMATANG SIANTAR BRANCH) ,PEMATANG SIANTAR ,base.id,BRINIDJA113
bankID_BRINIDJA071,BANK RAKYAT INDONESIA  (PONTIANAK BRANCH) ,PONTIANAK ,base.id,BRINIDJA071
bankID_BRINIDJA079,BANK RAKYAT INDONESIA  (RABA-BIMA BRANCH) ,RABA-BIMA ,base.id,BRINIDJA079
bankID_BRINIDJA284,BANK RAKYAT INDONESIA  (RENGAT BRANCH) ,RENGAT ,base.id,BRINIDJA284
bankID_BRINIDJA082,BANK RAKYAT INDONESIA  (SAMARINDA BRANCH) ,SAMARINDA ,base.id,BRINIDJA082
bankID_BRINIDJA163,BANK RAKYAT INDONESIA  (SAMPIT BRANCH) ,SAMPIT ,base.id,BRINIDJA163
bankID_BRINIDJA083,BANK RAKYAT INDONESIA  (PATTIMURA BRANCH) ,SEMARANG ,base.id,BRINIDJA083
bankID_BRINIDJA086,BANK RAKYAT INDONESIA  (SIDOARJO BRANCH) ,SIDOARJO ,base.id,BRINIDJA086
bankID_BRINIDJA097,BANK RAKYAT INDONESIA  (SLAMET RIYADI BRANCH) ,SOLO ,base.id,BRINIDJA097
bankID_BRINIDJA092,BANK RAKYAT INDONESIA  (SUKABUMI BRANCH) ,SUKABUMI ,base.id,BRINIDJA092
bankID_BRINIDJA096,BANK RAKYAT INDONESIA  (KALIASIN BRANCH) ,SURABAYA ,base.id,BRINIDJA096
bankID_BRINIDJA211,BANK RAKYAT INDONESIA  (PAHLAWAN BRANCH) ,SURABAYA ,base.id,BRINIDJA211
bankID_BRINIDJA172,BANK RAKYAT INDONESIA  (RAJAWALI BRANCH) ,SURABAYA ,base.id,BRINIDJA172
bankID_BRINIDJA328,BANK RAKYAT INDONESIA  (TANJUNG PERAK BRANCH) ,SURABAYA ,base.id,BRINIDJA328
bankID_BRINIDJA120,BANK RAKYAT INDONESIA  (TANGERANG BRANCH) ,TANGERANG ,base.id,BRINIDJA120
bankID_BRINIDJA098,BANK RAKYAT INDONESIA  (TANJUNG KARANG BRANCH) ,TANJUNG KARANG ,base.id,BRINIDJA098
bankID_BRINIDJA131,BANK RAKYAT INDONESIA  (TANJUNG PANDAN BRANCH) ,TANJUNG PANDAN ,base.id,BRINIDJA131
bankID_BRINIDJA174,BANK RAKYAT INDONESIA  (TANJUNG PINANG BRANCH) ,TANJUNG PINANG ,base.id,BRINIDJA174
bankID_BRINIDJA283,BANK RAKYAT INDONESIA  (TEBINGTINGGI BRANCH) ,TEBINGTINGGI ,base.id,BRINIDJA283
bankID_BRINIDJA101,BANK RAKYAT INDONESIA  (TEGAL BRANCH) ,TEGAL ,base.id,BRINIDJA101
bankID_BRINIDJA285,BANK RAKYAT INDONESIA  (TELUK BETUNG BRANCH) ,TELUK BETUNG ,base.id,BRINIDJA285
bankID_BRINIDJA175,BANK RAKYAT INDONESIA  (TEMBILAHAN BRANCH) ,TEMBILAHAN ,base.id,BRINIDJA175
bankID_BRINIDJA103,BANK RAKYAT INDONESIA  (TERNATE BRANCH) ,TERNATE ,base.id,BRINIDJA103
bankID_BRINIDJA050,BANK RAKYAT INDONESIA  (ACHMAD YANI BRANCH) ,UJUNG PANDANG ,base.id,BRINIDJA050
bankID_BRINIDJA343,BANK RAKYAT INDONESIA  (SOMBA OPU BRANCH) ,UJUNG PANDANG ,base.id,BRINIDJA343
bankID_BPIAIDJAXXX,BANK RESONA PERDANIA PT.  ,JAKARTA ,base.id,BPIAIDJAXXX
bankID_SBJKIDJAXXX,BANK SINARMAS  ,JAKARTA ,base.id,SBJKIDJAXXX
bankID_SUNIIDJAXXX,"BANK SUMITOMO MITSUI INDONESIA, PT  ",JAKARTA ,base.id,SUNIIDJAXXX
bankID_SWBAIDJAXXX,BANK SWADESI  ,JAKARTA ,base.id,SWBAIDJAXXX
bankID_BSMDIDJAXXX,BANK SYARIAH MANDIRI  ,JAKARTA ,base.id,BSMDIDJAXXX
bankID_BTANIDJAXXX,"BANK TABUNGAN NEGARA (PERSERO), PT.  (HEAD OFFICE) ",JAKARTA ,base.id,BTANIDJAXXX
bankID_UOBBIDJABDG,BANK UOB INDONESIA  (BANDUNG BRANCH) ,BANDUNG ,base.id,UOBBIDJABDG
bankID_UOBBIDJABTM,BANK UOB INDONESIA  (BATAM BRANCH) ,BATAM ,base.id,UOBBIDJABTM
bankID_UOBBIDJAXXX,BANK UOB INDONESIA  (HEAD OFFICE) ,JAKARTA ,base.id,UOBBIDJAXXX
bankID_UOBBIDJAMDN,BANK UOB INDONESIA  (MEDAN BRANCH) ,MEDAN ,base.id,UOBBIDJAMDN
bankID_UOBBIDJASBY,BANK UOB INDONESIA  (SURABAYA BRANCH) ,SURABAYA ,base.id,UOBBIDJASBY
bankID_CITIIDJXBDG,"CITIBANK, N.A.  ",BANDUNG ,base.id,CITIIDJXBDG
bankID_CITIIDJXXXX,"CITIBANK, N.A.  ",JAKARTA ,base.id,CITIIDJXXXX
bankID_CITIIDJXMDN,"CITIBANK, N.A.  ",MEDAN ,base.id,CITIIDJXMDN
bankID_CITIIDJXSBY,"CITIBANK, N.A.  ",SURABAYA ,base.id,CITIIDJXSBY
bankID_DEUTIDJAIBO,DEUTSCHE BANK AG  (DBJK INVESTMENT BANKING OPS) ,JAKARTA ,base.id,DEUTIDJAIBO
bankID_DEUTIDJADSI,DEUTSCHE BANK AG  (DEUTSCHE SECURITIES INDONESIA) ,JAKARTA ,base.id,DEUTIDJADSI
bankID_DEUTIDJAXXX,DEUTSCHE BANK AG  ,JAKARTA ,base.id,DEUTIDJAXXX
bankID_DEUTIDJA001,DEUTSCHE BANK AG  (SURABAYA BRANCH) ,SURABAYA ,base.id,DEUTIDJA001
bankID_HSBCIDJABAN,"HONGKONG AND SHANGHAI BANKING CORPORATION LIMITED, THE  ",BANDUNG ,base.id,HSBCIDJABAN
bankID_HSBCIDJABAT,"HONGKONG AND SHANGHAI BANKING CORPORATION LIMITED, THE  ",BATAM ,base.id,HSBCIDJABAT
bankID_HSBCIDJAXXX,"HONGKONG AND SHANGHAI BANKING CORPORATION LIMITED, THE  ",JAKARTA ,base.id,HSBCIDJAXXX
bankID_HSBCIDJAMDN,"HONGKONG AND SHANGHAI BANKING CORPORATION LIMITED, THE  ",MEDAN ,base.id,HSBCIDJAMDN
bankID_HSBCIDJASEM,"HONGKONG AND SHANGHAI BANKING CORPORATION LIMITED, THE  ",SEMARANG ,base.id,HSBCIDJASEM
bankID_HSBCIDJASBA,"HONGKONG AND SHANGHAI BANKING CORPORATION LIMITED, THE  ",SURABAYA ,base.id,HSBCIDJASBA
bankID_CHASIDJXENQ,"JPMORGAN CHASE BANK, N.A.  (TELEX AND S.W.I.F.T. MESSAGE ENQUIRIES) ",JAKARTA ,base.id,CHASIDJXENQ
bankID_CHASIDJXKEY,"JPMORGAN CHASE BANK, N.A.  (TEST KEY AND BKE ADMINISTRATION) ",JAKARTA ,base.id,CHASIDJXKEY
bankID_CHASIDJXXXX,"JPMORGAN CHASE BANK, N.A.  ",JAKARTA ,base.id,CHASIDJXXXX
bankID_KSEIIDJAXXX,KUSTODIAN SENTRAL EFEK INDONESIA PT  ,JAKARTA ,base.id,KSEIIDJAXXX
bankID_KOEXIDJAXXX,P.T. BANK KEB INDONESIA  ,JAKARTA ,base.id,KOEXIDJAXXX
bankID_DADIIDJAXXX,P.T. MERCEDES-BENZ DISTRIBUTION INDONESIA  ,JAKARTA ,base.id,DADIIDJAXXX
bankID_DABEIDJAXXX,P.T. MERCEDES-BENZ INDONESIA  ,JAKARTA ,base.id,DABEIDJAXXX
bankID_PINBIDJAXXX,PAN INDONESIA BANK PT.  ,JAKARTA ,base.id,PINBIDJAXXX
bankID_BBAIIDJAXXX,PT BANK BUMI ARTA TBK  ,JAKARTA ,base.id,BBAIIDJAXXX
bankID_ICBKIDJAXXX,PT BANK ICBC INDONESIA  ,JAKARTA ,base.id,ICBKIDJAXXX
bankID_NISPIDJAXXX,PT BANK OCBC NISP TBK  ,JAKARTA ,base.id,NISPIDJAXXX
bankID_BBBAIDJAXXX,"PT BANK PERMATA, TBK  ",JAKARTA ,base.id,BBBAIDJAXXX
bankID_BBIJIDJA004,PT BANK UOB BUANA  ,BANDUNG ,base.id,BBIJIDJA004
bankID_BBIJIDJAXXX,PT BANK UOB BUANA  ,JAKARTA ,base.id,BBIJIDJAXXX
bankID_BBIJIDJA002,PT BANK UOB BUANA  ,MEDAN ,base.id,BBIJIDJA002
bankID_BBIJIDJA003,PT BANK UOB BUANA  ,SURABAYA ,base.id,BBIJIDJA003
bankID_CRESID2AXXX,PT CREDIT SUISSE INVESTMENT MANAGEMENT INDONESIA  ,JAKARTA ,base.id,CRESID2AXXX
bankID_AGTBIDJAXXX,PT. BANK AGRONIAGA TBK  ,JAKARTA ,base.id,AGTBIDJAXXX
bankID_CICTIDJAXXX,PT. BANK CENTURY TBK.  ,JAKARTA ,base.id,CICTIDJAXXX
bankID_BNIAIDJAGMA,"PT. BANK CIMB NIAGA, TBK.  (GAJAH MADA REGIONAL OFFICE) ",JAKARTA ,base.id,BNIAIDJAGMA
bankID_BNIAIDJAXXX,"PT. BANK CIMB NIAGA, TBK.  (HEAD OFFICE OPERATION) ",JAKARTA ,base.id,BNIAIDJAXXX
bankID_BNIAIDJATHM,"PT. BANK CIMB NIAGA, TBK.  (THAMRIN BRANCH) ",JAKARTA ,base.id,BNIAIDJATHM
bankID_BNIAIDJASMG,"PT. BANK CIMB NIAGA, TBK.  (SEMARANG BRANCH) ",SEMARANG ,base.id,BNIAIDJASMG
bankID_BNIAIDJATUN,"PT. BANK CIMB NIAGA, TBK.  (TUNUNGAN BRANCH) ",SURABAYA ,base.id,BNIAIDJATUN
bankID_BDINIDJABPN,"PT. BANK DANAMON INDONESIA, TBK  (L/C DEPARTMENT) ",BALIKPAPAN ,base.id,BDINIDJABPN
bankID_BDINIDJAOTI,"PT. BANK DANAMON INDONESIA, TBK  (BANDUNG OTISTA BRANCH) ",BANDUNG ,base.id,BDINIDJAOTI
bankID_BDINIDJACLC,"PT. BANK DANAMON INDONESIA, TBK  (CORPORATE LC PROCESSING CENTRE) ",JAKARTA ,base.id,BDINIDJACLC
bankID_BDINIDJACUS,"PT. BANK DANAMON INDONESIA, TBK  (CUSTODIAL SERVICES) ",JAKARTA ,base.id,BDINIDJACUS
bankID_BDINIDJAIFI,"PT. BANK DANAMON INDONESIA, TBK  (FINANCIAL INSTITUTIONS CORRESPONDENT BANKING) ",JAKARTA ,base.id,BDINIDJAIFI
bankID_BDINIDJARMT,"PT. BANK DANAMON INDONESIA, TBK  (INTERNATIONAL REMITTANCE) ",JAKARTA ,base.id,BDINIDJARMT
bankID_BDINIDJAMKS,"PT. BANK DANAMON INDONESIA, TBK  (L/C PROCESSING CENTER – MAKASSAR) ",JAKARTA ,base.id,BDINIDJAMKS
bankID_BDINIDJALCC,"PT. BANK DANAMON INDONESIA, TBK  (LC CENTRE) ",JAKARTA ,base.id,BDINIDJALCC
bankID_BDINIDJATPC,"PT. BANK DANAMON INDONESIA, TBK  (TRANSACTIONS PROCESSING CENTRE) ",JAKARTA ,base.id,BDINIDJATPC
bankID_BDINIDJATRS,"PT. BANK DANAMON INDONESIA, TBK  (TREASURY OPERATIONS) ",JAKARTA ,base.id,BDINIDJATRS
bankID_BDINIDJAXXX,"PT. BANK DANAMON INDONESIA, TBK  ",JAKARTA ,base.id,BDINIDJAXXX
bankID_BDINIDJAMIM,"PT. BANK DANAMON INDONESIA, TBK  (MEDAN-ISKANDARMUDA BRANCH) ",MEDAN ,base.id,BDINIDJAMIM
bankID_BDINIDJAMRK,"PT. BANK DANAMON INDONESIA, TBK  (L/C DEPARTMENT-MEARUKE) ",MERAUKE ,base.id,BDINIDJAMRK
bankID_BDINIDJASPM,"PT. BANK DANAMON INDONESIA, TBK  (SEMARANG PEMUDA BRANCH) ",SEMARANG ,base.id,BDINIDJASPM
bankID_BDINIDJASSR,"PT. BANK DANAMON INDONESIA, TBK  (SOLO SRATEN BRANCH) ",SOLO ,base.id,BDINIDJASSR
bankID_BDINIDJASBY,"PT. BANK DANAMON INDONESIA, TBK  (L/C PROCESSING CENTRE SURABAYA) ",SURABAYA ,base.id,BDINIDJASBY
bankID_BDINIDJATJP,"PT. BANK DANAMON INDONESIA, TBK  (LC DEPARTMENT) ",TANJUNG PINANG ,base.id,BDINIDJATJP
bankID_BDINIDJAYGY,"PT. BANK DANAMON INDONESIA, TBK  (L/C DEPARTMENT-YOGYAKARTA) ",YOGYAKARTA ,base.id,BDINIDJAYGY
bankID_HNBNIDJAXXX,PT. BANK HANA  ,JAKARTA ,base.id,HNBNIDJAXXX
bankID_BSDRIDJAXXX,"PT. BANK HIMPUNAN SAUDARA 1906, TBK  ",BANDUNG ,base.id,BSDRIDJAXXX
bankID_BJTMIDJAXXX,PT. BANK JATIM  ,SURABAYA ,base.id,BJTMIDJAXXX
bankID_MAYAIDJAXXX,PT. BANK MAYAPADA INTERNATIONAL TBK  ,JAKARTA ,base.id,MAYAIDJAXXX
bankID_ABALIDBSXXX,PT. BANK PEMBANGUNAN DAERAH BALI  ,DENPASAR ,base.id,ABALIDBSXXX
bankID_BSSPIDSPXXX,PT. BANK PEMBANGUNAN DAERAH SUMATERA SELATAN  ,PALEMBANG ,base.id,BSSPIDSPXXX
bankID_BMSIIDJAXXX,PT. BANK SYARIAH MEGA INDONESIA  ,JAKARTA ,base.id,BMSIIDJAXXX
bankID_MUABIDJAXXX,"PT. BANK SYARIAH MUAMALAT INDONESIA , TBK  ",JAKARTA ,base.id,MUABIDJAXXX
bankID_SCBLIDJXBDG,STANDARD CHARTERED BANK  (BANDUNG BRANCH) ,BANDUNG ,base.id,SCBLIDJXBDG
bankID_SCBLIDJXXXX,STANDARD CHARTERED BANK  ,JAKARTA ,base.id,SCBLIDJXXXX
bankID_SCBLIDJXMDN,STANDARD CHARTERED BANK  (MEDAN BRANCH) ,MEDAN ,base.id,SCBLIDJXMDN
bankID_SCBLIDJXSMG,STANDARD CHARTERED BANK  (SEMARANG BRANCH) ,SEMARANG ,base.id,SCBLIDJXSMG
bankID_SCBLIDJXSBY,STANDARD CHARTERED BANK  (SURABAYA BRANCH) ,SURABAYA ,base.id,SCBLIDJXSBY
bankID_HVBKIDJAXXX,"WOORI BANK, INDONESIA P.T. JAKARTA  ",JAKARTA ,base.id,HVBKIDJAXXX
